{"version":5,"hash":{"type":"Buffer","data":"ecA8DaKAx44/SwQ4gimOe6UABtocUuUwBTWKNnsNMNiSxZZBSPRKD1dFIbQIqfnUKaX/fikIXwYHamJqVHgLz8OHmTl+RGH2LrAuXtU0Nqgm6ik+6F3GCP6qY2wVwF6wc2cZrUdKrIM7JWwkjtINscNPY0vZmjpsuqLGX+6ATgk="},"indexValueMap":{"XltEQvWJi0UL9EHcqf/XLyRRurXmThHiNi+QvBZG67s=":{"valueMac":{"type":"Buffer","data":"+GP3rjBAg16vMxQYmRfJ9me5v53izAeyOyBb7vyip10="}},"odworTC0+jY6vuRn76/vWysGd0dRJxPWhSxt6o1bRWU=":{"valueMac":{"type":"Buffer","data":"EFxWsbkTTMOjEkMehM/24OaHo3l+Iqx8LDzPrEm0CH0="}},"bNuvZolAfY6CYMoPZtsb5f3ssp/+4tfvnMdGVa3Ytxg=":{"valueMac":{"type":"Buffer","data":"wy29yT2/tQHq6i1TeAU/Zdc+ZE2PsvUSsLS3GI9vF/0="}},"Tw+GqDwrX6n/Jsp+8w7Imjx3N60tzU9mMcmvQpB+ZFA=":{"valueMac":{"type":"Buffer","data":"GqwliN5Cg5IkGpYLZPcR9eR09J8LmVZ2TCD/HCL+fYY="}},"Cz0yzZHjZo3Q/ggL98t0WcLEBQeGZMhR+UANiFWctXY=":{"valueMac":{"type":"Buffer","data":"TH5sd1Sor50olbrdA4I6+6RVabD+Z2doJLIe8NBV5HY="}},"UswYriMrem1uBbISoGLSO9666CfXieGc0VsHP3IC0DI=":{"valueMac":{"type":"Buffer","data":"QGGMkjhs1k82QUW+UooxtxcCNthxaqoZe9Z3C0NuEuU="}},"oIiqXewnZPUz7JMv5+afMFQTWD/PN2TQeSHUcD2k5nA=":{"valueMac":{"type":"Buffer","data":"WA/r73h/yRUI/JefOiVrHdnBiNk+qTQK7xQM9RoXTQs="}},"loT+cjGQASH+DvBRHmUBEIzv2TVfzLoupgbpS7LbJ3k=":{"valueMac":{"type":"Buffer","data":"2hvaZaNEA6OMNIJj2XiI8MGhr9yc68N3m+q1eAf9Mdc="}},"cF6QtZlCx7oy4Ol2caW9ay13A3/lWqsfSxStakmQ/8Y=":{"valueMac":{"type":"Buffer","data":"BNqbLxIsXGQjnD1zbP6iHxQ5TF/mjkbguGQyckD/uLA="}},"/mS67BXFQl3npx41ZiDumqhg5sCjdM0NH2fXiVMMEqg=":{"valueMac":{"type":"Buffer","data":"lmdXPIjPTVi6EJop6DBMt+Le2HSxjM1XFLL2IndsXTs="}},"iztac342LHoG+V5pnCuSnZ5yCD+xub6gYHWK22b8q58=":{"valueMac":{"type":"Buffer","data":"yfRgkSEtkGcStt6co6gh5bWwfmfnMI4akFyn+V5PlHI="}},"IJFQOMDTTjBklgTDOEtj/yRd9LQCA40p38dZ6fJ4wxY=":{"valueMac":{"type":"Buffer","data":"x0OOUsEOu+92xBm2dn4gpovaFbKBNXY51+h7NqB4gmA="}},"tcq1Mvz80EGCjKnDf6B77DGhDmm7ddyM9VGX721hetU=":{"valueMac":{"type":"Buffer","data":"dLXxXKBd2TkID9hK8fLSjeDab2Dkkt70w0+fVoUD3LM="}},"UX5YpTnLbQdehvhzBvqbA6tuP8PRHX5yOcvbRSks4uo=":{"valueMac":{"type":"Buffer","data":"rA5rTVhmTgDI4d2QH/GQxspJq/VdBZDDKDg3S7BDz/0="}},"IqLZhAueRhuXLeEnaKx/0kPI/W9TQm+xs8Mi3304ilc=":{"valueMac":{"type":"Buffer","data":"FpAbgIxkkf9QJHq9a3uNQxqgI2vIT2ZU06l9NwwQkoY="}},"1BsNXRyqwsh0v8Uxj0/hTJ7Qq4T3NmJLDANecq3aDsM=":{"valueMac":{"type":"Buffer","data":"2fgxs3kJ7T18pteWqsU3O08L97QfWn5XXIXlkvy1N4w="}},"Yx+7SYKqVrDdXq14Y/8al18OJxmcZHm4rmTr3CFEyKI=":{"valueMac":{"type":"Buffer","data":"BDhSEN2W2w0Dwdkev8dyinkNCok91e/ifWCqmZuu8Ns="}},"92jGdYpr4AEPSy3AVq7E0/6WvwHEUMNnbqAEiET//C4=":{"valueMac":{"type":"Buffer","data":"z1lHfmZ4vE0eS8r4jXZxnFUeXna2eGA50PNSbbusffk="}},"7h+eFghr4B0d/gdyINyf3ZtFipC8PeAN9b8eVhlGdbI=":{"valueMac":{"type":"Buffer","data":"yx+elp//hbu7g1Dv+mv3PGx4Iz9Kz70C/dqrzfzdvuA="}},"hl5mwGvFbPMavCnzg9X9uqXs06zXl79ie1AZMcgfZ1o=":{"valueMac":{"type":"Buffer","data":"i3Z/5lebA+BSmzRtZCF5PpSFx6EvmRe2gjv+TuEyL24="}},"T63+BzucJR7JbiVESmIef7cCHcTNT8tsmFnd2Iy2LTI=":{"valueMac":{"type":"Buffer","data":"ccvh+L5fL9pksGPpoChwVkBay0KwcrLq++zaZ2H04rM="}},"WV89tmFN5QO7PxjKA4g7eSuHDMh2/+BXQP77BiYvfVU=":{"valueMac":{"type":"Buffer","data":"MgMev2AHYbktYImO1gmfz7cvD80g8XewfSeCAW6hqVk="}},"uHTgfOm1tu5xOsqPiJo8euuF93D0Fd6YapgNtZSJmy4=":{"valueMac":{"type":"Buffer","data":"8A6EtJesXwo2dmkQKeIekrkiADviZXWWn0hwq5JtvNw="}},"K2F23kXGSgwbZ0z34C/KbLuMck3mozVNXTeFYGZP18g=":{"valueMac":{"type":"Buffer","data":"Vyf4hly5r74eSpuUlg2kdCHqTegopHd2Ek66jyqZf1s="}},"KikZQcCh7ks/xgpK51V00ZD+ATpubhHvsw0SNOqE40w=":{"valueMac":{"type":"Buffer","data":"zLsYxrWIZ0LV6doe400Sa8wCg6j8d6dqivtDouBKV0c="}},"XztOEyryoKtLfj/TSJrcssYz+N0e7nXSITdj89dh0Q4=":{"valueMac":{"type":"Buffer","data":"C6S1FnPSdpDS02lv2vOUHdysLW1IO8ApbgZB78w5uPo="}},"ZT2z9Sog8tRkgYtRXKquA8Y9LvLqMdA/3DDtHuf5Yh0=":{"valueMac":{"type":"Buffer","data":"CT+Q7eUCTkAWjyNrSJPZN57tDtWmWXPWKoC83/Tn5o8="}},"i21yfcqWajsXZXPKnbknTa+wFOwdQz3TedgZ0VDPCYY=":{"valueMac":{"type":"Buffer","data":"xQ8ns49em5Eo5BYbE7i613ejwEW5P4zfzACii+8pTgY="}},"NjAWj4PgWdnK6/a0MqGDEXu9UXdHO/H6tr7SW6nTPh0=":{"valueMac":{"type":"Buffer","data":"977DaAwzUeavrJjidii62DUrha3vJp+7F9c5tNbu/y8="}},"r2Gb3p4vWO2Q5+hvBM+nRIroax6vHAEkKgtloOoOCo0=":{"valueMac":{"type":"Buffer","data":"i7TRHl3rH4I2IgJbxe2+XYL0Ihk2qSoICCTD0Rjhnl4="}},"jHp1voYyRlSG/XDp9CwikFufLrLv89IZo9gFsGfrzbw=":{"valueMac":{"type":"Buffer","data":"uFZAlAmW8rNRXMdu84BwKzN63h3lsdZb9nGYMGWo3is="}},"otKiIp1rWlxZjcOk26lSFlwrieka7+kX0Sv+EW09zQE=":{"valueMac":{"type":"Buffer","data":"08A1Fuxx+I6drkvA0+0vzf0lQA7ppqaxvzzfwb84Vq8="}},"aPglAyIqucWFbs2fXFdsGkenOdfEXSTFogydzV+EDuA=":{"valueMac":{"type":"Buffer","data":"/znn8D0cbKw5gIrlW+ETKWnwGEOVsoAlBd8s9HwMtc4="}},"YU4dKVJ0//uQtF0LS3SQt1ECIEd8VuS8oLlE6aVTwC4=":{"valueMac":{"type":"Buffer","data":"Sofk+de5UpCo+oy2UwHM2I583M9Sbcfgf/8Jt2Z1QVw="}},"mv2LXuf2977cUsYDjtidFHj6GYhdEz8NkbpguQd8jYI=":{"valueMac":{"type":"Buffer","data":"j/jwJpwpd0oL3mBgsNNiex0tHvTtMT/uv0K44DmFMuU="}},"nfjy6P2PeEJHvSCfduZxrno7/nYDptGEtahXALzF7PI=":{"valueMac":{"type":"Buffer","data":"QIJOrjMRyT8moq3sh5dZ/o7etXTPHgEKKjFRXin0OkQ="}},"rx6hGaW3DtK9mgHJJ8h3S2abBiKuWOeptQoqaNMvMzs=":{"valueMac":{"type":"Buffer","data":"UWUCbXIT55oDuEhkjDHhwK/aq0NLMfJdIvQjTRU5DIY="}},"PsEKcLQwhjKdARZ0rkMrSH0IIlQZiu2cFk2D1fj5GEw=":{"valueMac":{"type":"Buffer","data":"kKByyXILE0UeivFgxJUT//XYWtYnMFHctYJ6hMdrScw="}},"KwOSVd7vWAwly1Io4ZveIYPKbAjVkdHEQoJg/F7GF1Q=":{"valueMac":{"type":"Buffer","data":"0JR/P3X4iXS86EiMO57dhFTFGWFwZmTIwWgQWotilA8="}},"SoFj65IrVBOxfM1xVd6qKBZU18knDfggqj77HpTfcy4=":{"valueMac":{"type":"Buffer","data":"PZmxRHugddY5yeMSKLU/V6f43VO1mLCJPeAT5ptxzgQ="}},"goWZLcw1JwMLm7ndJM+6iJim4azWk0Fk46psTlw6bEE=":{"valueMac":{"type":"Buffer","data":"Lz8ITv0GliBl69nsXb34T0IdTR0KOlmBPg1c1LLEc6E="}},"FMNiQXVjn4WXF12ds0Zy0sLuM+61jYHM+HONfrfWGtA=":{"valueMac":{"type":"Buffer","data":"H5F38yzF7F/7nVK54oTVweOfCNESkWBZS+15+GQpgcQ="}},"PGsx0VWgxRR+AYOvKx968wdQI09+r6KC6eYEiMvdv9g=":{"valueMac":{"type":"Buffer","data":"BO8vWi/rOyiAnEq4OGjjb6HNuVFa0R+ZUZmrsjCMuEY="}},"EVuD1XqRcrhHyup1TnkjM9hkQTOEnXZjGCYeWfjLw4U=":{"valueMac":{"type":"Buffer","data":"Q93MLUEvcckTlMi2nLS75gkJSkPq2un347uDV3VhMhk="}},"FgNRhRDuGBir0dIrkVxJXJXId7jD/pgICxX/Qm7QM4g=":{"valueMac":{"type":"Buffer","data":"ahMM4vVJSQgtapPlZM9E8lrztH2RbeqQV2FiRCdqRFg="}},"Q3eFxHvps/Gw0BjTLcsoYN84l4SCFP0uKBJHxT+GX8I=":{"valueMac":{"type":"Buffer","data":"/d651VcBlntuz+xiAba+X55hNwBvZ3Dgo7Y9VtOynW8="}},"HNfjaxYKC8qiM29zNjPO6mGkO61WY5MCqlv6Ieoc28I=":{"valueMac":{"type":"Buffer","data":"asuP9DN0qXJDHLPbntTn2OufKdF+EkNsVPy7NOCULqw="}},"Hy4BbfPIgKZ41pyrOAuCOdBQdQHCAFkWbCgdxU4aMfY=":{"valueMac":{"type":"Buffer","data":"1S5nYuV9xyiOxdPOnNrL/cXzmwbKeWgCZ1qsnD5vtj8="}},"GoaLyI50ef3jgNG0Ez6C6wC3fLES2tuG+U2tHzfPIwc=":{"valueMac":{"type":"Buffer","data":"2wv9TwGTBdqF96gi+VAxJ2binYXDBSuupbmCe1ewPcU="}},"wZVKNBcFxY73r8ANPiSmRJKDwEPAfsZnIRVsUKewpP0=":{"valueMac":{"type":"Buffer","data":"2YBySg7uVCGEVD3gMyHPNkUgjWWfVLsdX/X/vU8Mun4="}},"uQ7Su6N8vz1odUI+P8wEg+kVksIrup0FioIBn/ixEuU=":{"valueMac":{"type":"Buffer","data":"8GjF15erXFqUZDs7CCsN8v9wKW1TeTbz8KyHokHdAms="}},"rkN/2NDb8OGpqX2w1B/qZA2xHWZLopV8av/IlxNjWLU=":{"valueMac":{"type":"Buffer","data":"AcnHKkUNLjpamkNijCReDVvQ9ujWXMcX6niYM8TiFhU="}},"wxnjTllXFAG4yTslRPW4UUMrTu1jucJHIWs3WWbGt78=":{"valueMac":{"type":"Buffer","data":"VZLoiygXMDUk4a5auOhLvnGzJM5xKFOBJcHbZ5Bnvho="}},"fDKn7j3FG8W2GWd1nKmG6aEArCYQYazMgeU9TK4yVjI=":{"valueMac":{"type":"Buffer","data":"pt9xYmCO65B0FPAGmMzWOTBuO284oDrNqPgTQ/A2RC4="}},"KK+aJGM10aopqWFjVXCHf3+FXCdHD+pk/yXgs5KLyMc=":{"valueMac":{"type":"Buffer","data":"VrwDqMdNBNfz+vzYVL9s3ghWH5rqH4QXMtLN8yquCUo="}},"lGF0fGYvGcDT0X1yjaCnzZ4aQDEJ2aO5D6STeehpQuo=":{"valueMac":{"type":"Buffer","data":"x1UrRmIuR7qz5rEzKn2HWSHV3AX3Phlw3mMiV6S4oLM="}},"29LynIoHneQTIxAK6Pj7ta+nmV+ylHoZRvOmqxvvNKA=":{"valueMac":{"type":"Buffer","data":"fUrm965Yyb/dj7N7lS07fdQuWVnYpyeZRXfC5KFioR4="}},"VhUCxsw2wRO6EV8aqeUjrz/hQcKNhR+PZOIA/Rbc0ZQ=":{"valueMac":{"type":"Buffer","data":"BREh7SIg3CXwSJjwVt1xbQRGaX5RPBfS/hQakR+d/5o="}},"HjgmHwZ5pBVl8tFF/liaiabX28Hgv/pEa7PnLJhzzI4=":{"valueMac":{"type":"Buffer","data":"Byku05bmLuFaFpRq3fo5dWue9vTDhEcg/F3PFiei7fg="}},"KKMOw7aLvEIJgd9+7GSte32pGO3TVVSpJWDJYnavp3A=":{"valueMac":{"type":"Buffer","data":"SO8Y6lKd4dWLeMvxVVqUcenoZviXwDrn+sYJ4j8lmOU="}},"82xQ8solDu0BWHYGKi0W9FiVAMPeeWczk6MlSkUM0I0=":{"valueMac":{"type":"Buffer","data":"OB0xk4a0BsOe6bttcyZFMoKLPgexOcKTIcLgHk5dD6o="}},"i6XbhEEHiB5RnkFifyPzzpVmtycn/VWVCELHfZrxBAw=":{"valueMac":{"type":"Buffer","data":"z55BE9OkmR2XqpIX7VwJMq9Ojnl8/L3+PIKyMOcdqlw="}},"8d6kiUQckOeFNLIfbRV4c8qy4gOhTq2FsciFZoLdS2I=":{"valueMac":{"type":"Buffer","data":"99r06Njlx90F9LkNTZvMg47tkB2D0J7OWbolWg4VyWo="}},"BRHHb9UE73pKeDGE4acoGBjLR0wsgI4KwVFZldoemyM=":{"valueMac":{"type":"Buffer","data":"zEyA7xFU4DkpCJ+x51DoqaIjg/1XlqHg6jiMBDH6buA="}},"hKnV9JiYG4Wsr43t7vqjiXdy1plbL+4RfYjciKbsQF4=":{"valueMac":{"type":"Buffer","data":"8vT8lQqPktMM0/cqdVlwJBIOZ6hfWA/kw3i/c5UZZDg="}},"M/l0xisQl9dcICO+dmXfPCAJTLw3VH44AdJ7MPz2M68=":{"valueMac":{"type":"Buffer","data":"gAspAGQgyhjYgB2leMgQrLt+RSIlfTsUD4iyiB394qI="}},"QYiJdRkiKALVDagMyn3CmPyEdFrbbQDR8UgbSRJ9SIA=":{"valueMac":{"type":"Buffer","data":"Z4+sVdg7lcz5SifHqj4n5i8k+RsDUKhVp7/JA0qjmV8="}},"5EcsDEMyep+wwaIa6MJwW+S7HmcG5zN/GYmbUe0mOqA=":{"valueMac":{"type":"Buffer","data":"Zk14pZpYvlpI4Ri4iuKfptMRj7z585XqZ4bfBb+0fUg="}},"Kgpofh1e0ED68B8y4pjaEMHtoQQMhtvXBJ/0JiarjBw=":{"valueMac":{"type":"Buffer","data":"57bEG4aBaN/KXnSgbOqQj8d+Qi03oOD/vjg4sMpNkRo="}},"ghswgZQhH+4UHkwAhw+mklasLfJ69oWr7XGphhnGz9U=":{"valueMac":{"type":"Buffer","data":"RFv5Oop29K+Z+6RgzPnpeh0mLoiahk4GmuXC8xWchss="}},"y0V7xUO6soRoV1DB9pioYyAte+N7cwj+5ohpqpbUuDo=":{"valueMac":{"type":"Buffer","data":"BkV3Rpd1NEN+J5EX5b1AygRSl75azFOClvWE0ldcnBI="}},"khEgMhbxVZjcSAZorBGp5ck0UK7GTFuwCINvgumFSUU=":{"valueMac":{"type":"Buffer","data":"tnRWo+ggh/mckM0sIj0DkooRrpmBLEVQcYvlPWLV/9c="}},"ps0J65YqqlJdgxlRQIcUxK5eX2ZSDmNjs+SsLRUl0Ow=":{"valueMac":{"type":"Buffer","data":"JxVAmy0Lw0OnzdQYYUVrm4h6aUCFOhkX6uVGd03N/Do="}},"VjqmaVHIu9XzdhnhtSmn1L1zMw7ZIGJ4Sn6Q3ocP2QA=":{"valueMac":{"type":"Buffer","data":"PcWkPDB2D4wiRNxtRmzHoPswoOyMHZ6lJGIhUitCYm0="}},"SEdmmoptg1kKXCQQhgQI5++tRgov3kQPzruEKhQy2qs=":{"valueMac":{"type":"Buffer","data":"ShGE3xEHDMcksAWCZoOTqyzeAc9Xhvrp4larKsp9a2Y="}},"uaecvvbjazcykfGlyuO2bz+ktt44wrmhMbTPdCf9o/s=":{"valueMac":{"type":"Buffer","data":"bLLSogqk8ITUUT/4OhjCS+j+4CPklzV8dwhEnWaEGWw="}},"Jw36mqI9DSY12HyRSSO4/EZFVqfUvw3BIeHYYuDn+8k=":{"valueMac":{"type":"Buffer","data":"OrZFYvYyAgIor1D4zHMALiBGUww2yD6My1nkKoRy874="}},"6YGKILQwbeooX/6faImkgEbDQkMcFjkRE8Ltc2t6wps=":{"valueMac":{"type":"Buffer","data":"hNAIQZWdhInYaki1GL2YxxPtwTKICjSg4YPQpDUYXpw="}},"QD/42ccVPOzfTB8W5yoMRTuBsDvndR4jHBt6muovpQE=":{"valueMac":{"type":"Buffer","data":"EDM0UkGJgRA5H+BPnzDtl8Ed6KJKs1b/rxaLF2KINro="}},"W8hWf99tlD87N4fZ1mnb5zOTuvkQ7DEM8ZFAuKHH820=":{"valueMac":{"type":"Buffer","data":"zzURH9J9zGqMo7IJmJVpUt2R7UNM8PQYdwFhX2/XX8o="}},"UffPUqtRTufzWOs42ZVL3GSFtTYWAmxRFzTZZnhNyVA=":{"valueMac":{"type":"Buffer","data":"UnSGu7woU7BH3JwH+CFpMQdQakJjgoqTdu7xKoOVV4U="}},"4vBElMerKgPyjjs8t/8RIqR8blmV6kR8hCBKh46D9WE=":{"valueMac":{"type":"Buffer","data":"LF9M5efr8Uwd8TI5kPBUA1DRvMAREJ8H+cqwUptS1/Y="}},"HYMbOHDzmpzj3gF1RbwIiEcIqUSYe6ZyXgaZmlnSM/M=":{"valueMac":{"type":"Buffer","data":"JJHpurlu/ZS2C2kvaxV1ZzOFn6zR8KGYzwvSxfmH22k="}},"7dfaDzoBivZvDhR1p1PLRE2ZD+47bjRFC0D/at43Lp8=":{"valueMac":{"type":"Buffer","data":"1FHVoivsXDK1WDWM3IGe6a3RcAE0Y0AHB0u3it5+734="}},"hgd3BoevhlwqcvNg+d8IQdvgqr5M9YBNZoOUmo42+NM=":{"valueMac":{"type":"Buffer","data":"xv7OVyI9qgqcDchI0jelYfw0drKsV1DdRR1GvkWZbHs="}},"yAFKB0LyS4ywCpo8fd09FTGFMQ6IauC7hTIXe9KiLQA=":{"valueMac":{"type":"Buffer","data":"vRcmh5tdVdXDPiQoBQ85vpES6c2JCIxzrnVXI9h0JuI="}},"rb5gn1nDjs+uuN32Xg+C991bah2Dw87tpSFZ35wKQwY=":{"valueMac":{"type":"Buffer","data":"WV8AMqhLzYaSOEeBv7Ig2oR9Og7GagsjR2VP2IrZj4o="}},"oxaYeEnHte4FLSceCoIL2EePiUXU/5M34aGf+JuiDOI=":{"valueMac":{"type":"Buffer","data":"HZLVfTXBZZzlLMcz1dKw004OyGckxpGXUwk53Lhsh8o="}},"wHa6YGG3UubcuRBz60frVbqrJjVcMBqfJFOoss62eIk=":{"valueMac":{"type":"Buffer","data":"XvzHLNBmcC2kb3cHhg5K0qcMx3KtIMWLrtuwdD32wZI="}},"vigFinJ6SVQIz8865kjIt93H7cIJrsTikbjEw5ZCtGE=":{"valueMac":{"type":"Buffer","data":"Qzz35TJnq7XZnTh6G+QjbaeoS4Gj80wqmP7JM32N1bU="}},"feoAWXLDcNDfpYU/xea8hYLA9oAqXiL+pFdbtPiBh0M=":{"valueMac":{"type":"Buffer","data":"YYiW8+VswHVD5BwHRnOv3jBCX+444cYBjZKF+DMlzEs="}},"2f06siOZt30MAFCt3rO/PiLnIexAjN6+lXQfuMpsH1c=":{"valueMac":{"type":"Buffer","data":"Azpke9d7YrJvNuM4mY9qaCtjXemX7lm+SMu9L5kivi4="}},"i8fYx6ZnAas/LHGQcCQOL3yBGVZSqi8kXkzVGq+3rtE=":{"valueMac":{"type":"Buffer","data":"i6hIaxiQvsdJaAscP6opX8GXi725l4KtE53EFyY57Lg="}},"FI7PSIfUDalwqZ9M2rI/+Ozm2HsbDdLgitzv4TfHt1E=":{"valueMac":{"type":"Buffer","data":"OEm/FqnkTFtX1/KVtMpEW7nhUtTUieTVtn3nfQc/NdY="}},"+eN39uz3WWc0l0Ks90v1Q5xaX8gPMoViWLsLw6w3zG0=":{"valueMac":{"type":"Buffer","data":"hm4GGEMQcMgCCFt/ZES39YyWSf3dsouZEgscaOolTO4="}},"oxDHtA+6JH0aqYu8pIcpBnoGMzuIqraYvpsTW/gFjAo=":{"valueMac":{"type":"Buffer","data":"7U7LaEZbJAsxSBHEOnulGSyoAylu8tZ0n039fheRFTk="}},"M63Ji+BP9AHoXCN18D8e/Xnt41gYAKxGevyFv1CnIy0=":{"valueMac":{"type":"Buffer","data":"OtYB7mhSb4cJDQloXo8lpfw4fL85iPGs9E5CgN88ldc="}},"/csupYMfAjAURLIMFXJWULfvAOQV5u5274HKwmOq5uU=":{"valueMac":{"type":"Buffer","data":"QcM5/P3/Dh9oMOEqvSxi+3Pyjj7ywb6IZ4HId3wx/CE="}},"GiCll4KQm1fe9nAg7mona11vDPg7H6Q7klxkysTxtEY=":{"valueMac":{"type":"Buffer","data":"4yHkyo82z0BWwuJyJKed9zFYqLlP/eYPCsozC8DOsFg="}},"4UB2hpOmFmFNM5I+MaKPXUAkvPI3HIqYPtz69nCu8y8=":{"valueMac":{"type":"Buffer","data":"08NzgB9bJu4ASv1jiA7p2N3AdiYxZgmkbMcX7BvgWzk="}},"wXnJKCV/2wvqGVQJAgXdRugsiTO/dLRiND80SRTiehM=":{"valueMac":{"type":"Buffer","data":"t4iyQB2nGeRLmjKmSI/dPo1cOyn6FubQItNeJWe5HQw="}},"jNtjewgwqvRfZh1b9UZjPk/RHQmN5eOlRvB+XXkQJWQ=":{"valueMac":{"type":"Buffer","data":"ZKm/Bf/3Aq6u7UmFoDp+hV3A7eTAnTcSS70zOb6XH1Y="}},"rOyTLGfumfoCXueeegrZ5U4auZwqB850bSM97IbOD6Y=":{"valueMac":{"type":"Buffer","data":"PByEcqv5odxQcZMjcLdlcciBzA6u3b716wS+vvWrYf0="}},"cHvK6pAvlaV1wE3LMUP2GOR3OyjiLCaZWaFUjxhysBY=":{"valueMac":{"type":"Buffer","data":"QZUD3Hhs9DGThf93fKW2AUsTGEKZowr4iocCBdi5dUI="}},"B8GrSNk1a7i+3aGSI9VrxCdC2g4ECrbjIqRlCH+IzRY=":{"valueMac":{"type":"Buffer","data":"qxrfLHpURiI8mbHD7uSjFMkXvxFP3Bw/Nb6cAamrXSg="}},"H6zoyHcPdYM50XPpez+G8FzcQ2dLwyPHdlfPui49yKs=":{"valueMac":{"type":"Buffer","data":"JOefPsKoZgJHslubWP1lco2ewYAduFyjIzx/B9coM0s="}},"3AwadHbO5xbLRLNvqAbcbCpZPV4GDQN3V3/ImVBejtQ=":{"valueMac":{"type":"Buffer","data":"UNrJxvwU+f0Xb8KVT4BiRXOJcahY4/+54YDZhUA4IRI="}},"OUmitihE7B5jXTQ+lN9At04wLa9GKzoHQeuqye1jhPQ=":{"valueMac":{"type":"Buffer","data":"6JN+9HJ8ofWhjw3qNQwVFfvTy1X2P4WusOem1APRmYY="}},"HajmMvnNyO6Nvwkp3+9HWCBfp5FKnD1/NNAgeDv8uo0=":{"valueMac":{"type":"Buffer","data":"ocIx8/teJXkRazGO6BB+F4fPnNcSzL0H/TrlsTn+LB8="}},"liFsrvlilyls42er+SIpuS9w251s/i698NBMTbhQJOU=":{"valueMac":{"type":"Buffer","data":"5mxtQnMWpf0Ti0v4LE96GLACySzJxwtsf8Hm79dhmLQ="}},"Ho6cMyRaoDCM2PY/mjubVu17jenlkjLZj08AqxTLBbk=":{"valueMac":{"type":"Buffer","data":"g4AYcVWBO9TPD4UWYyZIXzt774M3FcqSuR8TxV9OdBQ="}},"IC88Z2MFlea+WJcIwP13Qhj261iiPdWTYtx+b9vHDHg=":{"valueMac":{"type":"Buffer","data":"XRaeA9EDw8QRLIwc2+IWR9zgDE78x4BYqNMJZkiMenE="}},"nR1twNCogiNffRrYRVjC87KHTtRP2riY89LTPvP9nqw=":{"valueMac":{"type":"Buffer","data":"oyMhSvmmIpx3IPvM7ZfTljd4OAZKZ8eVHaItwa/zdsI="}},"ETpCtLDXM/2IbRcH8Hlf4bgFhm1uR9Edm4kSWLTP3II=":{"valueMac":{"type":"Buffer","data":"xpNkqCek41IJeTJ72Hm6iITc94a7Q6H0b8ctp/CzEow="}},"c/2bC0hkr3IVwOewsnXlNT2rX4myfAy4ki5a7/jQyWw=":{"valueMac":{"type":"Buffer","data":"mvyLLPXquodreY9jR7V6acB+NbdmfimQw7Z7geiSaS4="}},"7ccgX9Z3LQl1Wuy6lYxOVN7p5MTRB4R2+EZjXip4tqs=":{"valueMac":{"type":"Buffer","data":"max6U7V0yc4BUbyiHnjfhGBQNRPz7COri7my2vTiBoE="}},"F4RlvMju3fQ9OFhiD85B4ktlsHowS7Dv7Wc5OQtQJgM=":{"valueMac":{"type":"Buffer","data":"loCnA/7IeGpqzyEveDJcV3P+rArBbiw8xu/fNTmvZnQ="}},"bejFro2DP1cztNh6sPAj5MYvO02B5DBEY9210YlL0cY=":{"valueMac":{"type":"Buffer","data":"PYZzl77um6RkbD+M/7nZtsLQSwQDz7JIYJgij4Oe4vo="}},"AKZt/TEty7v3dh526FtykojuXQXsIWRbkfoZlUrxvYI=":{"valueMac":{"type":"Buffer","data":"pfa9lkNX2FoFwzfSBvBkduudwdB8q0ay00OEFulg3Rg="}},"mZPxTS8HfcKIsoZ88LYpP3VsAnCCf6Uu8aCnimaedrg=":{"valueMac":{"type":"Buffer","data":"vEzjY44HFp5aF0ulWiJVIlghm1Yg5V1c0NTLNcukPgg="}},"NTsdDqPUQ9uHHGzGvQXcMQHgyN/rAn2y3OCok/7ICB0=":{"valueMac":{"type":"Buffer","data":"/L6VILwcK2gnzy0dyq3Al2qG1WAilohDVaBnR3lFppw="}},"KgliYmyzpFT5kjeSTYbwtRYWHLHy8rMHyE5yH5ip2e0=":{"valueMac":{"type":"Buffer","data":"67PChKYYjsch66TEoY3VaS4qR2wj7AsIhcLXXKLslZM="}},"KUKYpVacaPx8AwX5LWucyPREKsypRRkDXIOWIo1t4b0=":{"valueMac":{"type":"Buffer","data":"SvVjj6AG69GQ9hlx77FruzcfxdEqoB0TEr5KVq2d19M="}},"rtdvhV0xC7P7MIk2/Q/HpnEy5s1/97NNmEvOm2WqZwU=":{"valueMac":{"type":"Buffer","data":"GZZPPrEQNnOVI+OS04tgd9G2/opdG4WGXUgsCq5jqwk="}},"8poHzApxZv5q6p4kikMyGuURXMi1K8db2gqx97MbBHM=":{"valueMac":{"type":"Buffer","data":"R64eNKtc+IxDeWSHHfMjdNPNq89iWI/4A8rx8oZscpY="}},"SDFnXuRRYZb87mrQwc/TV6T1Y6VhzqSgiXN9vCcBl3I=":{"valueMac":{"type":"Buffer","data":"b2XdeRdsdT4xjE0uQeA2/hoilKV7CeAmRLggO8F2AfY="}},"ngIMEwRU4TexuplAULGIoE7l2mAzuZrFBapOXUs5GBg=":{"valueMac":{"type":"Buffer","data":"WQ5RzjY6O+Uvu62on/Hcz/Bbo1zFwteu94a25k5lfB4="}},"p29Qiudj8iAEhudfu333v37Ch5h1JR3t9YCATGzvZFc=":{"valueMac":{"type":"Buffer","data":"2JhYSd8tH4DLMmtJQ2JibjkDhxvLYJ9iaMJ6Di5sf3w="}},"hEeNmLVuUg9rEWDQBsLWpgvfM9rJ5lTyNQ5Q6rwmyAw=":{"valueMac":{"type":"Buffer","data":"2gv7XMQne3zSQ2wcYv8B0xGmvaWgtwxub5ZkqGYUl/I="}},"i90GngyTIP5VsMXKeXuwlusT9eRX8mcRQ/j0CEBAirQ=":{"valueMac":{"type":"Buffer","data":"cFrWg/W+rT1RU5qEVmFyKG2NRAWPeKqaBE3Gc2RSpD8="}},"A0ojh7fDfg8l8nPadBWb9yLznsRn6kymW25w4XotxZw=":{"valueMac":{"type":"Buffer","data":"TX4jjlMWWsuxetCN647RoQik9psIz/gQkzpJzN2m4hg="}},"n7w+b8ob+B5brXNt7erMvi6b8Tt7EnjaA7f26efmJWo=":{"valueMac":{"type":"Buffer","data":"ptLviU1h/ESdfOZ9vLQtQS0m+Wt7y/Q2MXCmfJmyEvU="}},"0N7lNNjDE2tpj4oPs4SB55xfcVF+nQFQMYoXO0IZvps=":{"valueMac":{"type":"Buffer","data":"a9Ms6Qr3ccJQqIYsfWgyv8XKwhPltyjlrvbw9MuxbEg="}},"wmqw1eYqAlqmnc/y0KKHwCElMoHLLyRQeKFDoSv/I2o=":{"valueMac":{"type":"Buffer","data":"pVbdiIJAGRaPIGLmHr5pZ/i+iHdhDAQUqGKjtvOAVpI="}},"N29KKIBoQcCeQAkelpfz6y7PdE/uDVbTOe+OUetcVz4=":{"valueMac":{"type":"Buffer","data":"EeIZ22fQ5mREa1PThttbp5cN2QKolN63rokibZBHd4c="}},"Kgts3XfFvzX/iSpO2IAbfZDuvIIObvN0VTL6yUTLMcI=":{"valueMac":{"type":"Buffer","data":"IjlWfExv3a+UymBV4taWoBDOKvTWd1f4PmSSBa6G+Q4="}},"EZOVZlks7hWIk+YOPPny3bBFLBVQytWtuz307DDPbfo=":{"valueMac":{"type":"Buffer","data":"MT+2s/kg2NfhnV3grjvZuOXq2EAuCyiqd05uN9jByxY="}},"3UiajZINnVTxw7gHzXGGc18jABBNvucquXY9cTwpEUE=":{"valueMac":{"type":"Buffer","data":"dcnuuXryy6s1i+c4j+izcZQYHb3W+70pmt37fQJ7EWI="}},"gJ0SZBfnzItN0IXN/p8mbY6M1dPZ4WZEZQMc/Mb73YI=":{"valueMac":{"type":"Buffer","data":"8cWqud/fX+orWA7PyTiPNxOOsXSJzOr4HO1cIpWIzdw="}},"i3+frH9AQaC9GAJvvgVi1LFEM+8xgvpAimupwbRyUmM=":{"valueMac":{"type":"Buffer","data":"HtS21Vl4BA60J+B4ewvXIQxdXlakgHvxMVBBqlHpt1I="}},"BRMEogna4A1SBEufkCiY1EeC7bTQNnReqbERXoui/nY=":{"valueMac":{"type":"Buffer","data":"0gnW0DhKIdj5wly+Hou3vZXnlmwYBtbyab0VTf4MwVo="}},"RfiSD9j2bS/3P6wz2oGoR9W7YwOLBKwf6itbCyVUNes=":{"valueMac":{"type":"Buffer","data":"usSOcPNaRjxGS/VazKZ8njAiXtxyWxp5ftilxEfg89o="}},"6J8KJ3IF+aCh/m4WcKhX2dyiYArHsc+oL5mCQoLSKZw=":{"valueMac":{"type":"Buffer","data":"wW1FrC+qymFnzoKwkaEGQkM/AqGmVDkiSsZMWIgHvB0="}},"KssKP4iESyolxt0r6x/fIgAlwU9h+WFqJRe/8YNC0Nc=":{"valueMac":{"type":"Buffer","data":"L6CDhW0UfnK1xVWUtwFFBy/sdJ91aUtMPS0pi4/3//I="}},"6oNAiX01zVjZtJbvelDK2VEdUTzcmRJaC+9Sp7ZBEt8=":{"valueMac":{"type":"Buffer","data":"I/WPCiEi0iTaNnFgdCewSVoMCWmfsTb2N9F9/gis9ZI="}},"KgpoJsfzo3mW2a2xV9Mt9T9NF7Zyk72kdI6sul9hJ+A=":{"valueMac":{"type":"Buffer","data":"1EBF8RJgX4jmopKgfAZC7Zr5QlFBsomA36k+tbblkUs="}},"l7aX4rkKW0oieTkWkiGYHsJ5FNfPaxW6BP/Ys8ewS9Q=":{"valueMac":{"type":"Buffer","data":"G41TWqajUtbzfNZDakCrsDvwe97uzugD3Pqzh3Fd7wA="}},"Z7VxMPkBtqTEjoyaxCDTzSy01O4QSMo0RWaU+Jn+9us=":{"valueMac":{"type":"Buffer","data":"3kHU3rg0bT7e9Mw9NDmBqytCl+MpcA6Bl6xjwq3A3HM="}},"iaXUEA2/C6UctZUT+lc6joxW1xPe1YKVYP0/mz5j7lk=":{"valueMac":{"type":"Buffer","data":"rd4Lsy9O9gha0wTmQu3nzouNbT7EZOj39yvugSAulFc="}},"SbS5UnmNCxKTjs1o5eBl3cLsxesP+9+XC7B4a0IAlY0=":{"valueMac":{"type":"Buffer","data":"jgsqChxAQJmFdYrfMT4V34AzIwrH4NX1aUsD5oVbCRs="}},"mZBxw2K6czSa9ObdQToLVf+AcyCPwYEzYXs9uw3aO5M=":{"valueMac":{"type":"Buffer","data":"5+x4k0qze9yiOwKvj3kha0mXup/hAQlo5LWM3k2oZWY="}},"HcWrn7Q9dUb0p5l5p1PHeqpAMd05gu4GMzJ+Qr2wYSQ=":{"valueMac":{"type":"Buffer","data":"1alDP8mrSNwgEYX1die6zxKiJABQF37EsZIUyASpWu4="}},"8gUGHztn+gA8p3jzBSMez47pGDBO0OHLdTT85WdLlJs=":{"valueMac":{"type":"Buffer","data":"3NXx80PrGbLLVjNPoBniyJPNXDo0qXJ2lGtbHKnCsSM="}},"lANt/KJYn9ajPm/nJZqVHp9pMN0x4lRfcUok2RhekCE=":{"valueMac":{"type":"Buffer","data":"BOhg4canc8rUpEkuHZCtjhC2WnstBiamJ+aQJ5UYhlE="}},"DetgqLQG9WyEJqIO7hR1U3DbORaVdp07OgRvMDdnL9k=":{"valueMac":{"type":"Buffer","data":"gDExrFslV6aqVlv/rQFH4fyq9xb4q7Qh/09li+lpZlQ="}},"zftCe2telFqMsyzcty8bXlDGN2HoEaYSRo5VFLLVDIk=":{"valueMac":{"type":"Buffer","data":"pPwwmtIWVy2Ar+ercpvRMOKsTd/AP7ywilGQPeZIZhY="}},"sjh5LBy50Dwscck1pjQDRnr6q6DbAzgIXf3EVyDYrIo=":{"valueMac":{"type":"Buffer","data":"Mr55gh3JUKhbhi84LAsHlz/oY4e3hPu4NuIEkv4ylwQ="}},"0vaC8DDeOTXykG/Ih5fjYMbZAenGTTs3iLpsCML9Mog=":{"valueMac":{"type":"Buffer","data":"Mb+mgBAor6nSv8OSPqzJh0rw5cHpxr8j6LorDo1/T78="}},"53vve55zYvDxI+o4PBJ/xaDdYXOT6YdViV/59hx2Mzc=":{"valueMac":{"type":"Buffer","data":"GBR6clvOmaoaoAfCLTcmxdqS6xbrPknjPiFR1quau7Y="}},"+RiI4aFdA7gWEhxzg/y5MiDiqho6J6Hd5qI8OnLKVBU=":{"valueMac":{"type":"Buffer","data":"6jRT1jTpnJaClJj4u/87ZjD8I79PNMlawunpceaqYEg="}},"8OgPHT5yeXqi13OqlMoe53v43cGKsy/kFpV2+uxW9OA=":{"valueMac":{"type":"Buffer","data":"23knbTLBwfpBg+pfiq80jrMszqHoCWjSosB/+xYnK4o="}},"hW4a19rJefpToE0b3rOA/OwXnsL3PAoVVTzQZDZNGls=":{"valueMac":{"type":"Buffer","data":"c2f5uKH5XbVdtNr5OcNJWax1xW3xciM4ldegAiBgFqU="}},"9qPs7cXjJ2oJfmZBt4/4KoHvZxnJFIm0h5eKbDR/ZDA=":{"valueMac":{"type":"Buffer","data":"yiydnzpSWMjmUJRf2Hjo9g4jNBOnEDiHQMSYMlmkclM="}},"xJe4Sr7yL27rajUiWByzWJ6ALs6ioLbZ68hbkasaj+M=":{"valueMac":{"type":"Buffer","data":"7l2Y1Vt+3ozfi62ClNPMLZJBaTo/DdFAf58/mF3dzSc="}},"Gw/0BlX850vLE60ZzHjtnyBYz3qmpr9JT9u1Vc23qp0=":{"valueMac":{"type":"Buffer","data":"VHMzG2QE18p8OMxLHZ0TizQeX+6jv4BhgQnUm4s079A="}},"nRH1nL2UhN3l9R89VcKhWLINa9dQbNLrmeO1Ad0S1kE=":{"valueMac":{"type":"Buffer","data":"10Z54BH64YvzhRrZlmsylkvcXs3b6wICmRfg1LKWrOo="}},"yUSuLP5igvG8DEvpQY25EkOTQ3MVsqxnt+gdQOZa5fk=":{"valueMac":{"type":"Buffer","data":"VJD7BCcY3CVPXJBC7DEBG/NoQYmqQxWkzQxhG8MDf2E="}},"IA+GqHZ3C6xJzU7H/NMGfcMdbFhD4NHuuxw0cujywzI=":{"valueMac":{"type":"Buffer","data":"hvCLIlDvzspwWhOoRYdQfHOKZU4G9lDFPnhphE5aMRs="}},"EDOFFnvong+c9seMYhSSbuR4pmJF9c6N/ukv0kJM84U=":{"valueMac":{"type":"Buffer","data":"aPv7L5NJBalixIO8z6yV8kcnUUHXolBSuoR3Ab2/u8g="}},"jAy0qhwesD4b2x4OsT0WMHip6L22MIcrjK28pZp5Su4=":{"valueMac":{"type":"Buffer","data":"6q3jde5aJkiV5w/CqRjRLKjjrb+WfPRGNsP7JAnlXLw="}},"2CyhH056pHOsuR8pZAiBSJR+UplTLV95QbJ68VWOUPU=":{"valueMac":{"type":"Buffer","data":"UQN3HYWXk0CZoIPhMFb2oZGWYetEV+oBoDTJSD7iwWA="}},"r1GJ0ziScs0IHYdLxLZThgVNYmzctzKHDcfGwAWHx2g=":{"valueMac":{"type":"Buffer","data":"G2NA94mh9+Dy92SZQLOh4gxEK+NRTMnYdCMVewmGPCU="}},"Umcw/IjFBLYO4JDZ3ldGpbmKttaEBHIw+nAl691Hg2w=":{"valueMac":{"type":"Buffer","data":"QWkT2QaX6i90NcmlFT7WsyXTH9NcuV13lHjEoIgJ1Zk="}},"0ZSJ74tn0cnissLFaAQkSGVE+UOtr5E9Js+ZjvQvBcY=":{"valueMac":{"type":"Buffer","data":"yMRBjD+N3uRmsBj+MU8/OmPiNnkqCwBUwPOOH2/SYls="}}}}