{"version":3,"hash":{"type":"Buffer","data":"c9HnzW4Dxbs3gKolTq+mZDCBCchNSaac7lwMqHzqlKcJnMpm1b+FBGvKyuMqJc2bXgzQBjo03Vuq2Y3RIlAlP+asfzV9YSElUXutPhB2NlZf8+JeHkr70qUa/WQwZRywtSw+H8cz22vnHOf7Xu6GDdfd1MfLd6Y4T6Ft+lCX9Cc="},"indexValueMap":{"8quvCn8alJExvjbdpgaDvClhherlDE1q0zQ5FiT2Sps=":{"valueMac":{"type":"Buffer","data":"GDDksmEWuLj+orXh3SYc5aGoOoWetURSmPn+i9XNKrw="}},"wKYrFRQHTLgosiT5N6qB9C+8gVr1PYMa748YubT/Qe8=":{"valueMac":{"type":"Buffer","data":"eSiZuqPdgtqwZlsJDz1PxcKyyc65qd1ljreXv6Luomg="}},"hDISDzkBuemJH4U+4GEtrpe6NAOj82QyRo8BKXAtY30=":{"valueMac":{"type":"Buffer","data":"KI9FgozFAxoGoQMoULW70SW40Dt/Z1b5DJ6p2jkPvYM="}},"o9+k2sB18gSEJknxOefO6luC6Ei9dnK3ZBFPSNV1XrY=":{"valueMac":{"type":"Buffer","data":"bc1D0lAHA0V1x0THPgEqxfAKCoZecItB/P8fuE5RJVU="}},"KQ9zTMNNdfCGcIRK/0qdJ6aAj2JP/LUO+FT97OkgtU0=":{"valueMac":{"type":"Buffer","data":"X/N84umOW6Oc18jSXVidUSBaZLJHSL2Ax/MZtjKDcJU="}},"UCCJhDQ172HuelkbrPQ3YKLPPPrxZcxsEwLSd76J1xA=":{"valueMac":{"type":"Buffer","data":"3H55Bpq8smHaK6vWQQ1FofraHmU6xSsBI25k+H/e5m8="}},"tfbhaJJ1BaeqoJqNg3BULiVD8P2jsbuOgdvEPRRm6r8=":{"valueMac":{"type":"Buffer","data":"JQpaqtpH08wk8Bb+n8ov24WzR/g0LkJSvXbj+GwW3aw="}},"T8hL8D26sRcZpfyNMDoDZh2cYHwMsG5NjzjglEEuVXY=":{"valueMac":{"type":"Buffer","data":"9QXTfku5L8YWU02fl07fet82gQq9uaZZkj8bdzr44t0="}},"yK+QVDeuPlDiYAV6HlFfT9WyIjTK2zwSYm3JT6YUzIE=":{"valueMac":{"type":"Buffer","data":"/pAoBS5KGkW4A1k16K+7ZKeGj+gdG8OTrtdBv6zTivA="}},"v3T2HZD35PAkGRrCJPxCUCJtncoSm3o4KrSijb9v4tU=":{"valueMac":{"type":"Buffer","data":"PbPRd+R/w/Z1iExEjNGeS3Lq5ZfHZ6btZ8uci4/Xuac="}},"QnjX4f3Ika/vMN9FGXKYxmNi729VUUJRTbThdM5QmNU=":{"valueMac":{"type":"Buffer","data":"gj9hWuwKjWDEsizBq+zr5sPxsfOMl4VTEIJrM2OPddE="}},"XNRZmFAV4bowEZff457YH0vCYBW6t/XdPH37lvgXGMg=":{"valueMac":{"type":"Buffer","data":"y5ZKcrx2SRsTS1NrU+u6zagp+0OQPS+EJwaXuMFgI+Q="}},"AIY6Hq7kDKl9AdRZKDEl/kUeLkAgfoC64mcOisZMxBA=":{"valueMac":{"type":"Buffer","data":"UjYK3yxPVCGpKfG28iFBNDs+hPhuOXxOvN69elsyif8="}},"2n+gDRJka9aTxFjzK2UsyuoNc+R5FcGrCYvFiS5ok60=":{"valueMac":{"type":"Buffer","data":"BuB3+dTP1NJnI4mUaQbJKfGI2+LTJgQwHkpG6mia2Jk="}},"pIFtmNraVW7cqPXBfXCGiUjxGN5M+VkMbbYcE4OxGG0=":{"valueMac":{"type":"Buffer","data":"axVF/YlpRF7llhM1yvwLUFzteDhQ9Kksqle66yGXaSg="}},"ER5yAvmJHRgyFVvfmmi0O14eGelJDlukNfNf8Gvs1oQ=":{"valueMac":{"type":"Buffer","data":"aQrirjhN8Lam2eEhhUZtHHWK73gIJyK2PJqcmZ39rcU="}},"OqPocGXSU3uAs+X0Ny4sCL7fzfVLuam/o6yNvpFhruI=":{"valueMac":{"type":"Buffer","data":"mt1SCc7hdOVmlYi/VlN8neZSbSBMtSqmm3wnj1rdre8="}},"QnHS94fRfkc2J9gGVtbzIyssmc6FGcIS9AQCXyTL5AI=":{"valueMac":{"type":"Buffer","data":"r7Gn2U1QIqOaHNajHxoLNJ34bH/WMuM1BtDbjLcqZ7E="}},"el0lRTjEVctbg2zLOVbKPsn6Wkn5Ge49PZi4sjgsx1M=":{"valueMac":{"type":"Buffer","data":"iKJ8rG7IVj8ExmjWVgEgpdrDvxzkn2iI0XN6cwjDkEw="}},"nWpR83V0UCxHa/Ic0yLYQtbEK+uYxaMOFStv+55cc3U=":{"valueMac":{"type":"Buffer","data":"AoUJX4W2MJsr18fx8GfhOJ5aVTIlvIXjdEcgb4qPvEw="}},"2twQgx9GSFK/2pTpG8AsGxrL08eUUkFh9jxlx4yOY+A=":{"valueMac":{"type":"Buffer","data":"RllsRaIK2BWMR7RpllCfOB1VM74DZrY7m+KAkmnp5CU="}},"cjEAQbVvKLunPGw//yWw12qPrwhM9z9h7d4QoKzVxc8=":{"valueMac":{"type":"Buffer","data":"79Xoi3kJ96a+PX6keR8B9TyLeq3VE7DxY1LeBu9l/B8="}},"D8Gp8ysECN0HIyHe1ShTS6k42XHkp3b744mSJp/MlIw=":{"valueMac":{"type":"Buffer","data":"DeW36hOyr1UOnABCPxmeU4fsIz8bcNabj2hwL9TQeEY="}},"c4+xP3+ZPWglM8U+YHRrbF4thx9tvt1d3BJB8+SoI78=":{"valueMac":{"type":"Buffer","data":"lI6dn9j1dEkMLftB6SaA1se7V+N2IekzBdb9Y4wm1UU="}},"Rz7PJtw673eVppEp+OTTnET9Sxr94evG7B/thD8YN38=":{"valueMac":{"type":"Buffer","data":"NVevi2qXw/rOq2fD1xcRiqU1cLPHxNh3DIx6qCmHK5U="}},"wk3uFxX0XVoZOf87P4ClpZvq5l8ZglvVT9U3A7qEzcs=":{"valueMac":{"type":"Buffer","data":"puEGJH9K0dW0VtnfWj5KjrMsFfiINzfVoB49KmF2d8U="}},"khd6BLgrULic1yBaVd0FNT823N/4A8xWBStjaOU7xWE=":{"valueMac":{"type":"Buffer","data":"jyD+soZMDZFifyGwGfY1G+Y4gWDlkRdxYUPs/5x4E38="}},"v+DkyFpZKktIkRUupbAy2Yb+6E1Sf6TmG1EA/zxKZsg=":{"valueMac":{"type":"Buffer","data":"VAPcgsmPml5PTxfFjTmL8vzpWQlU7+bodVc7LQUVUC8="}},"WaPddrl/bOg+eZmbk+/dNK3Zv6IzApPhhcqtRE+IEiQ=":{"valueMac":{"type":"Buffer","data":"95MXpdqsy3eZpM32oPhqHlXDkghk2fOSwCQjcRWZrls="}},"pxHtrtIrRu6b9gzX7XoDlIxof+LHAuXbc9fWRWfB628=":{"valueMac":{"type":"Buffer","data":"fDoo1GLIlcgZR2ZkYSnf9zJJIekdJ7Hw6MnDhfKtC9Q="}},"09zfKuQNDPv+9K3ZLWT6kcmTRtl0y/TP5JcFUle0P+I=":{"valueMac":{"type":"Buffer","data":"58qoF9BpcQOg/Okk1Vt/+vmtzqI14MFyYJRNhfZO4rI="}},"9UbsyfjC1G8USVQuBtZ5InUI29fQlWEZgySEvAM+g4E=":{"valueMac":{"type":"Buffer","data":"ghKx5svC2PDn7ys9tVm1U+Cy6f8jf7f27GZi5NQmoVo="}},"6QNGQ2rU4mwQG6NSE+xlowqbmQ/3AIL2UP0BgUMWge0=":{"valueMac":{"type":"Buffer","data":"cFtuYVifBjV2f77+0+/Qe/XI3Ln4hpQ8kR91qVt0SPA="}},"krnCZdaAIqxz59h2TNnJBcL71kAMr2thrPiOEiWE9mI=":{"valueMac":{"type":"Buffer","data":"63PAzo6lLRdFwHLHd9BpqCNi2vocp7K8HQSBxjTaf0o="}},"1OT/WZWbHFWuaHJUcFjvatKcwR2doB9pQ7G7HAhvWF4=":{"valueMac":{"type":"Buffer","data":"CEUSo2mHU6cN+SQ+kQ4UQU8V1bZIixtYjvYtmbRm0z8="}},"ZTodYXIeR1f691M6QRRAchkNejdDFc5GnBo4agnv0SE=":{"valueMac":{"type":"Buffer","data":"+Yt7gTUnnNPc15wZfp0+1ehFTUCSB/XPFkV43Q0Hu2M="}},"7MN+ZR/BTPUobykHYL1Ri+LhqtOkIDITvBmvqkvSMmU=":{"valueMac":{"type":"Buffer","data":"IYllrUxjJ2S3iYoLNh4PARWJVD+avreopOvfIfmWX9I="}},"8EjFLJaHKGN1hveK+taHNfEsBA4dnr/rlHt8M4Di/e8=":{"valueMac":{"type":"Buffer","data":"ZfzrFTQIA0hJPul/yOEYHmjNYPaGztoGgLUKcKKxkSo="}},"2EGXsQpF9uBoUzu1lp1+D+5oFDB2GEdJ8jOL9utPH4I=":{"valueMac":{"type":"Buffer","data":"axxSwIrti0rfgouDAJcdFNY46R/mUl5djYQNRdjJeZw="}},"9D0wHPy/jQ1T6kdxtJH9f8Xnu71JQvJmn/hV7H0p2p8=":{"valueMac":{"type":"Buffer","data":"h4p2l1AAdnvlIioxBMhlT5ESfmMe5VMW6SgT0o/8gC0="}},"+JJWHr0ahXUrxOYO7Jk/E06G5niyHSrqjcdMOEMw2Vc=":{"valueMac":{"type":"Buffer","data":"241Vgi0AzgGh1Vjcbo8E40yIbAR4cGYFxOxeHmeXTk8="}},"RuHYTcJTKIkwcNHkQw1/ur+w1zc9d03gl2ogdxCXhRQ=":{"valueMac":{"type":"Buffer","data":"m83xdp7qBPHUr5Sxu239Z/VI1BCRyB5K/UnsugWNJco="}},"eJarYQ+kzNoWgXj891HbPUiSVrDoGOHFyFZgW3iTA1U=":{"valueMac":{"type":"Buffer","data":"IuhPpELe1kj2mNREVA4cgPLpgB6WFaK+pAqJiINdCoo="}},"Fw//COr+OFGwtdEpfB9w2UtGtLQOLFBu6oqRNL1dwtg=":{"valueMac":{"type":"Buffer","data":"0Gb7tGO7XBdv5WZe0yFIFaEPHLOIZFfMfIgqkM2xmF0="}},"TC4ppIdaTYLLsd9FJjBUkqvBU5XNH8VvKgjoloJAR0g=":{"valueMac":{"type":"Buffer","data":"A/3+rjlaknI5iCKvl69Mc3wSfRf0Dj1CBGjJO8eSuu4="}},"pbTk8CwTTw+u3re0eWsN4l1eaVot+SbHIKtmDo9ZrCI=":{"valueMac":{"type":"Buffer","data":"ot9pNZ8c+keChRnxeO7mnOZ3+hZ8eh5kiFsZVydvIqA="}},"GpR14IxkSo9ZzuLBGMwMvCrfqCf/kOGqpl3n1+EnNMU=":{"valueMac":{"type":"Buffer","data":"G18goR8+ciTNtRNwFRTFlsJWmk7StsS4okil5taC/Po="}},"LKvWin5giQlddGGMdIN3eXQxe2nKuDMBXN7DwxuLj3w=":{"valueMac":{"type":"Buffer","data":"3G8YCc/Hy7jSHroC5NCJg7CVUGxkeMejeUvl7V0Qowc="}},"ia9d5pCyRtqQqlKD0mgCZcYdVaIpoXByh5uNKqlY3Zw=":{"valueMac":{"type":"Buffer","data":"1+II3pizGSRTomJ6iKpojkoYmsnZ8X3MeCQeqgpb6jU="}},"NmQuP9TkGou3Ussdg1EZl/MN1oi9dNJvWDTObsAM3uM=":{"valueMac":{"type":"Buffer","data":"fG+2dNk6uukt+qPM3oUund2zcRmC5pXvMAhbhbsiUFw="}},"5bBqg6WzfORMAN/UuyqhIBmHHRDk9PIWY4NsAUi7+uY=":{"valueMac":{"type":"Buffer","data":"A5jSLH9E9Kk8vNjWQLdNkeTeh323WUksqguBNvWVg3w="}},"vZXZ5ZlU8JxC/5O/VmOtASRGT/N/zArQkiEjJm/oza0=":{"valueMac":{"type":"Buffer","data":"uw82U1ZwZOOP5c0au2IVWhnl5ZQRvQcks3a2EnKZUDk="}},"fTY9tDxH8fqZy7SgVCE1GuN2izmFcPKDw+qAX3sJI2E=":{"valueMac":{"type":"Buffer","data":"XfAQRQE4DOyySUiCJo5UvkX/snUBcDmSqqN52UwL1z0="}},"IanxJTC7RQq8K7gLCqy0gMtyjHASWjptbGCQ+N6JehM=":{"valueMac":{"type":"Buffer","data":"x0u9hK77vZU8gJ8YJBI9GwajhQYLxG1IeUelmWnyMU8="}},"fQ04G6bMV5MgJlS/ZTAv+T9xSv9OHwYEero0zdsczuA=":{"valueMac":{"type":"Buffer","data":"QRUgINvnI/xeyAw2bu2wt9JRx8xf4B0BHPW4378cObc="}},"9Zud6v/eWxbNDrEPJ/2va7ja0WimkeCZkhc15Ko0lKg=":{"valueMac":{"type":"Buffer","data":"1IJoZ+EZ5O4ahnh+8CQ61qqjSd4WiVNzVUcjK+fxZzU="}},"6rXxaaho1ZuQ8Z8hl3uNq/15/GpEJbxJQH8pgD1Z4rM=":{"valueMac":{"type":"Buffer","data":"fQtkcgItBambJK4vfxtScfonggRXyJu07ffZBADkklI="}},"PtwSzHZYG8KoEmGohKNJkUHV398UfaZKHqP5RqtdyR8=":{"valueMac":{"type":"Buffer","data":"8pBT1LR0rJUKe3EaYQpxtp0Rj/A+eZQL+Grcl8MspaA="}},"Rs80Ef/oqnWGRbXuEax/u+8rE1AD8FQzs4Lbc8hMoYU=":{"valueMac":{"type":"Buffer","data":"bgiekIC+SjZFFJ06TeP1MWMArLWhCSecXaVdDjgWEdA="}},"/9Tk09hp7nJge2sm+0nJ7mrxjON8CJkiKyFHHFUniwE=":{"valueMac":{"type":"Buffer","data":"FA7h2Xk0z8fhYQjKPV0YzMPkNp3tW2eB+rgBTJ+sv+Y="}},"B6Bu/R5m6gljTy0X4VxlgvzgSyvECg/qKnawQAN1lrc=":{"valueMac":{"type":"Buffer","data":"MtnnA35iQLq31gouwMIXzaF85J2ZvDPYCp1WWrkv/5U="}},"vNUy86igTAZfDE/xtJKyNtLi9sUYXI3C6GAB4kJ6j24=":{"valueMac":{"type":"Buffer","data":"1XyWATqUn4NCVw177hZaScWE1itfBEJsdkyPDXWcE+k="}},"8eM2zmbpDMyDN/UhUtZCiSN1rL8s6Vz7SKHM1Kq/jSo=":{"valueMac":{"type":"Buffer","data":"4Kcx0bPSkizHirY3dlHIvYV/l7ylASA473cVz2rhK+o="}},"M+4HqWQMFC3NSfNo3bw6FMh1bBpZBV5fmfrUiE/TSkg=":{"valueMac":{"type":"Buffer","data":"NsgHKPeP5oVm6JrrdXC0PLxAo/Q8detj3Krib8XLnlE="}},"+UoleEEZZLgOeJMHHOkFv0jC6W84Y4MbtpF8Hk89d+Q=":{"valueMac":{"type":"Buffer","data":"239SZ05RRnKD9HHe3bC1QcUZePhwtiB+XEnq5QijDxU="}},"iWycE+CU0ZnDPtZES3/hXta3DDcfLJtSMYTwDaavvHY=":{"valueMac":{"type":"Buffer","data":"/N7RijG4912gyLkyB4G4Y1F63COKoLk7AtXirMcjRig="}},"WvYMB3owJFq1/+aVCDNjqj7Zpuucb2wIXIMv4UrX/2Q=":{"valueMac":{"type":"Buffer","data":"vYQ9bknBDBSUFXjeRgmuL77IxHZI2J3ihnXktTj2v8I="}},"4kOFa7hnBYN/MD3DUue8hwzq1XZwmwumPlmSwh/Xka8=":{"valueMac":{"type":"Buffer","data":"irX786dJRksV/ACQXa9TLFEAtubMZ2bYiydGNcsS7/U="}},"ukXM3KonGjnV/PGaKnPuIgLlqQXbRn4XDC113W8yu8s=":{"valueMac":{"type":"Buffer","data":"4jXY+udjOKwFW/dzA9ocIGoMwumP5jSt9kLABju6EWE="}},"OsOnXT1HCBvPihEe1daJ/BIId24CPNKNPYwyTDJLJUE=":{"valueMac":{"type":"Buffer","data":"IpZy/TqvAr/6ITRSD+JTsdc0N2J1RaxOVji1hd5sk0A="}},"wdhT2NxiOGVWgU+WduinV+VABgLoGLvkJLuxtYScRnE=":{"valueMac":{"type":"Buffer","data":"BN7s3AdgCjmK6x5DjpanXu1KqCw+39RPDXJVXswYRZM="}},"2gXyF9gW9GkQ0xXI+X1PVeXLU9z0VCoxmn+w4uYbiOI=":{"valueMac":{"type":"Buffer","data":"Pyi5VmSTbccae2+O+as2JKdr4Vv76CdEFsUfiJVAOTY="}},"BEsavzVB+rFdfkqAGQRPhx1XQA9TGb+hcptDB9pGRSs=":{"valueMac":{"type":"Buffer","data":"69vYa7FjEf8YvuJAFtCg2dJw6rP3eh84rwMou2Ilmyc="}},"RTKWT9GAowAV4+QOGLSLv7/4NqWEMzJIZxCGrCwI6AQ=":{"valueMac":{"type":"Buffer","data":"YUmpUdDRAWzEg/La/eggGLQT7cfG9FGKwJEcZXZ9SUA="}},"HoAcyO4Ta1dW6OWXDN4G6hWvJ7e265uGm23cHiYgpNE=":{"valueMac":{"type":"Buffer","data":"YBG0KbHjA2onUOSWXoNPpdKzMzZfsTLpzCK7+ImUXRI="}},"RqZHyE4R0uvdotxi+dGrA1m4qIY6761CIBydjIHwbog=":{"valueMac":{"type":"Buffer","data":"poT52oXgE0db9X5xYGoE4l+YJyskBpcMvZ7IwfVB+8I="}},"F7Zxg18prCo4gu0fn5Tv8+EN02TXRsq3NQBMup0U5PE=":{"valueMac":{"type":"Buffer","data":"TmXFBVRFPMHJ/eqywbV6OhZgz5A5EelbKIJ6/Z/Jnyw="}},"VOrmRtp6zDFevTIg002dUpH2fbZFHroUgC9kEGd3/dA=":{"valueMac":{"type":"Buffer","data":"rD1EknkJZ3G7u1NKJR0jJNDD+yC6ouR30yCQ+26DRp0="}},"l5u2QkHeY23o44okveSZJzGwl2qrKPKQuTkfFIU0SPQ=":{"valueMac":{"type":"Buffer","data":"ncC1+v69+BwlkNvTEYGDBlXmMMtKbEMvwAY67bQ16S8="}},"ZtZPtuTjlVKpfc5xUxe/YMKAIpW/sYmTk6CIBZBvajU=":{"valueMac":{"type":"Buffer","data":"I/JNnbnoCyRC+bO/L36eX5lX6y/7VEy4yE5uETyAd6U="}},"LPHY5SWqVgJPB1MHMvv2frtS/jcAz6hKYq0lamw1J1g=":{"valueMac":{"type":"Buffer","data":"fZ7GV+Rb9Oh44IjZ1CczyBFfhBmvQaVVxlTrqfG8eGg="}},"uCKjXUECx3jQCBBzCaP0oXu5O/dwq5IK54lms0waLnc=":{"valueMac":{"type":"Buffer","data":"BLhi9HKIhg8XjDj3uduLKJSZMkA0SmtD/1yc+1c+J1M="}},"J57HepO5Lk4h6vC7QC10LeCNhnyNO1HUzy9QeTcOUjw=":{"valueMac":{"type":"Buffer","data":"L1ZGwc+5WQ8yw6shfuYi9LDTY/YC2ncuvvFTw3V+UU4="}},"Ac8OAELP/5jVaqbRRXFM0kg2aRroCW12uj2ET1FzNaY=":{"valueMac":{"type":"Buffer","data":"HpSaeRYSuXSj/YRFc0uBSJ5Xt9Hc3U1vUJxXlPZmlvQ="}},"kZtC4HhYLVYgu+urIcva6EdoHFf09VFBOK5j4BGPAJQ=":{"valueMac":{"type":"Buffer","data":"aDFIRK0fMT1517RZglZrwoxdJCHnJFThI2/Rj6YKMHk="}},"S2Gz9X7Wg9oke0uDujydwW0Uq+JjM09vIz5IDxnG2wU=":{"valueMac":{"type":"Buffer","data":"VuoJyJsf7ey+oKdpWsWmz1gPmWCc4/QDSFWBmVzXk5w="}},"yX383sWGyuEGw2ss3g6vixdGhlgexgqWexEFDI9Dui0=":{"valueMac":{"type":"Buffer","data":"TzijvrCvnZt0+IDNTKWtLcZWFIxeLLmGmCGUqf63hws="}},"/ZSVFdKhtA179nvCCs/oE67of8s5Wr0qhjswbBOz2aA=":{"valueMac":{"type":"Buffer","data":"YT6RwlcrCgRXc3z60gkLqgzMxWWgEX97nwpwRS+73oM="}},"tmKN5qKJvfQv8amq/JwCKldY/Hk4wBSqK9uN6fq1s8A=":{"valueMac":{"type":"Buffer","data":"q8qEidf3w8FPfEqqdV5z1orHVNCJ55MBENbNcxx9MAY="}},"A6Th2YtIFGgx8baPK246kdALQezobmADfW0Rohb5zuE=":{"valueMac":{"type":"Buffer","data":"TOXkb/cKYj6X5UFpuXETL2WLvgcH2pdtRsnsKQiTeLI="}},"pbaIsG/9is4kHoLokaGmsb/uBef8eZ0wJibAIXS+RdI=":{"valueMac":{"type":"Buffer","data":"KrKxg6Q+C306s4aLl785o4bwVXATUpwLi2qKCP+6N5Y="}},"TbQz3XhnOSI0vOIwOHhW6fDP/2Ea3Jeoj7upQRm8A+A=":{"valueMac":{"type":"Buffer","data":"Dea7B1SKwbJ7hJHGsQD3kQdb/oh57px3vWAWXzXuiCU="}},"8VkUDurx64Adiu1G9ssJS9voAjpmSsE3J7Ig4v6Ohqk=":{"valueMac":{"type":"Buffer","data":"uepS9U6SVOe//RGhQrDBFifnOgrLggxnhXlII6HXT0E="}},"pvXVS1elRFX89bCR50O51iz7F785La/Qw2KLJNmWmvk=":{"valueMac":{"type":"Buffer","data":"qP+2tw3ce2mFdqdc+qgtqFKuLY0w3MO3MlEGY1zMuS8="}},"mOGrw5IX9GZtdEPwNPrQ1UvaEvASHscZgvwyBfVt2hw=":{"valueMac":{"type":"Buffer","data":"O4oS6/41mtwbpu+a+INd7+7r45HKN0ebl6sEdgGgDjo="}},"4B9NHvTCWgnSBu8ey+R8yxsvthR8H+94fJ0Mm+B3sno=":{"valueMac":{"type":"Buffer","data":"ulCxY9vKlIB7EC0hUtqoNLFTcW9zMWyK5r+o0ddKtlk="}},"0x/9IfpCS6XT2hg99sSJ+Umdze9UIpjWHdZQMyYhZs8=":{"valueMac":{"type":"Buffer","data":"mb5hJUSZr3VaPop/ArmBkYDrojNJO0rdWyEiaQQi7bY="}},"yKmFor64jBMrAAsu7nhu4Z4YTplVR/+vDLCsHMWpDsQ=":{"valueMac":{"type":"Buffer","data":"xELFu8pYFnwk4HkH6GJy5OjU4oWv1bWzb2JePb0e1oc="}},"tANubo7XACvyNY4gHnFJ0ghloPLOcai2PZMPs+hbXEY=":{"valueMac":{"type":"Buffer","data":"4zL4Q9xwIIhVazzcr6wvRt2T++HkrrBOM6/DQsqYeds="}},"lKBmlhgckG+puBG4lSBCuCnPPWrlYeqHA/g8kk7UTWw=":{"valueMac":{"type":"Buffer","data":"pE752Sv1CayfuhNqb6NKjcTfAFWsAP29Vd+vj/3DDV0="}},"fRJxA7vgx7rXS7X4qW3aKprTBDvUTbI/Ut7mF0A86R8=":{"valueMac":{"type":"Buffer","data":"UNXnRJmI2aSFiT2uWe3B8ucvDlR47t+IVzpHAOXIxlM="}},"IEAOt1DA0bMn9kTQD1cjfHqsjfPG8KgR9AL+VwWpfME=":{"valueMac":{"type":"Buffer","data":"fuoceJE5TlzMlNMRpPxbjIr5KVJkfb8Iza6fNguQGcc="}}}}