{"version":2,"hash":{"type":"Buffer","data":"TR2AUdg7+BtZfqUlwJ2IiGJlasSnb4iMWGTUV+zdcPhLD8rMWwrNxzp/7uAra9GZ5JOlKdQSyG1g9hTcI5yAHUe++0xchzc2z1SWUnhOATrjVGhgVQzwfxhArn2wyv3RrOJ/FNpHnclu2mO6DQzePf/b7g//w/uwTJzRNywJKtE="},"indexValueMap":{"JkfXvHit9O1SlBQQCwx7KsjkvDv6SJXz7SWzpV6wSWg=":{"valueMac":{"type":"Buffer","data":"QhBkx1yTYLUZ/uG5ehLefWr3pyyvsfYE8Fb/iB4PXak="}},"T33xKjh80s4qkKe5ZRZfHScmlZw4qFuGoCk+cOkR2ew=":{"valueMac":{"type":"Buffer","data":"22kr4k/K9goA4yP/MCnxIBYOlYvmRbXklHhsAIijE0Y="}},"3o5vr+OcveJhhhJVaHU/DyJ1lOtQ5oCEZO01XrCvJrY=":{"valueMac":{"type":"Buffer","data":"H1Cns6jJZO5WOvq9JaZiEiVqLT6S+15+RfOsHwtffIA="}},"JPqkaulnmEMWErTyLv9/9UPc427r3+EKWTYLi1vuymY=":{"valueMac":{"type":"Buffer","data":"FYsfwjQFf0X7ZrM+GIhNVqUV1SYF2NGjKOPjjZ5WPmo="}}}}