{"version":2,"hash":{"type":"Buffer","data":"PWdKxrilgueoTe5tMnUITX4vbvtUGbtvy02/9SB8JCLwwmAu5aRCt0rvyyhI5sg//DZyTOq4WH06mshSbcbuMx2Y+Xoc9bGWq2/KAzJjaTSD8mTfgr5v3nvkyxLaOwPsT7C2Uqk1gkERkTQB15ndc4BCm021Iz3sV6ZDyNdqCvs="},"indexValueMap":{"NBnm0gF6oljxgQJLP2Qqe0QO0jNV3A3/Sia07MSI4K8=":{"valueMac":{"type":"Buffer","data":"TYPs8gGcKX90rpfqaZdgUjh2s8+kDce6mY+bl0egguE="}},"ICfwxMvIqjs4enTjHe/p3EZRyLWOHGTEImJV4DKV0bM=":{"valueMac":{"type":"Buffer","data":"t1d0wLCy5kWzDAEnp61ynguOP0uVvEypV+hBPP3i+uE="}},"5BszU4Q/bdDFzWDHNta/fBoqO6NyFyEV3/vG3Cz5vlQ=":{"valueMac":{"type":"Buffer","data":"BX1M2QONT+6VmCrZxNFCONWMVDxrmkFTNfUyeJtwNMQ="}}}}