{"noiseKey":{"private":{"type":"Buffer","data":"ECNmL5wNXAzvBYN/fnhb2906AtngF2KrCDku5/wJQVg="},"public":{"type":"Buffer","data":"I3KcOST7DKz151Xx7ekLnv7oAFZ0AtPYB3f08s1mD1A="}},"pairingEphemeralKeyPair":{"private":{"type":"Buffer","data":"sB5DWky6CW37OP/ARM5yyTS5JQGrY2u51QJVWZ79Ykw="},"public":{"type":"Buffer","data":"iO2KW9F410b9Ou45gD2R30Xt6+1yHQt7hgtjlMEpZDQ="}},"signedIdentityKey":{"private":{"type":"Buffer","data":"gNlUhDbYFylJEGgIs+5pUttlqPjFpxvzAXHN1weus1k="},"public":{"type":"Buffer","data":"SSdEqb/iZL7+vfZoKCECxFs1xbUiNuVPbRIfeOZ8HSg="}},"signedPreKey":{"keyPair":{"private":{"type":"Buffer","data":"mGg4PSLFj/IEn8zwQLgJ+0Y3OOzMu8FxwHtR5iRujEE="},"public":{"type":"Buffer","data":"M5ngKsxstkg1iNGEGW1R+I4KGX1rI8ozqz613kMaMBE="}},"signature":{"type":"Buffer","data":"+BmYXkXE3w8QBdvmBLCeV6HTjSIwndMS9UWT8NPKpYBJ6F6I9WNuifQA05uNH7zJ9osZkxRLQLC3QvMIKI9jiw=="},"keyId":1},"registrationId":157,"advSecretKey":"To2gwAPz2bHKcFcH1S8HZ5f1tV1VP7lFjS/uxlsBpdA=","processedHistoryMessages":[{"key":{"remoteJid":"254793859108@s.whatsapp.net","fromMe":true,"id":"0DD306FC1500D4F15F0A9D66110B4A7B"},"messageTimestamp":1733836853},{"key":{"remoteJid":"254793859108@s.whatsapp.net","fromMe":true,"id":"C98CF885CDA19C6B4C9C3509E5396776"},"messageTimestamp":1733836861},{"key":{"remoteJid":"254793859108@s.whatsapp.net","fromMe":true,"id":"599B2515E81741C6EDDD0CEA539C165D"},"messageTimestamp":1733836903}],"nextPreKeyId":31,"firstUnuploadedPreKeyId":31,"accountSyncCounter":1,"accountSettings":{"unarchiveChats":false},"deviceId":"44UIKCZTQZa81P1Sih2r_w","phoneId":"13173be5-921b-4631-9461-80f34105828a","identityId":{"type":"Buffer","data":"Rb5CvgOD7eVF3ndAdYzUirochqk="},"registered":false,"backupToken":{"type":"Buffer","data":"U20aVxCa46s4LIpE+9qrbrLhH2M="},"registration":{},"account":{"details":"CN3068cEEKmA4boGGAEgACgA","accountSignatureKey":"Nkeq0g2EUx+fqjzXflHcZhorwrTCGqMFsY1EGw8NYxA=","accountSignature":"iHK8DwhQuTuvsnpT4JksQ744tOKV5My8vyv3LEaq1LEuqVl0DhAcpXR7MDMxsyDo013hWKGdh0QiRgoOpYzFAQ==","deviceSignature":"t7g7fZ7KgfqcRekzapP9VTO8qUCG/S29rZ2G6LGkUYhDjBKla4RmYPtxsQFfxAi1kCYC2yI8dMcL5OXjPvKehg=="},"me":{"id":"254793859108:21@s.whatsapp.net","lid":"25697410089001:21@lid","name":"Pease Ernest"},"signalIdentities":[{"identifier":{"name":"254793859108:21@s.whatsapp.net","deviceId":0},"identifierKey":{"type":"Buffer","data":"BTZHqtINhFMfn6o8135R3GYaK8K0whqjBbGNRBsPDWMQ"}}],"platform":"android","routingInfo":{"type":"Buffer","data":"CAUICA=="},"lastAccountSyncTimestamp":1733836844,"lastPropHash":"TrDC9","myAppStateKeyId":"AAAAAL2u"}