{"_sessions":{"BfsDTFkgb9NyIgfNY8agybJhCJ+CfzavbbmwS/ABCgQ0":{"registrationId":305131776,"currentRatchet":{"ephemeralKeyPair":{"pubKey":"BblRLPUqeYG78J4CVQZsn37n3pwmKbQiNkBeTC39E+wW","privKey":"qFvBG0ErZqJ0L8d1skHZSlkHRb4woRCfUKUmq8+d7kY="},"lastRemoteEphemeralKey":"BWPCUwrxoOe1LPLNYIn6tUQ3ut4SS3SV/n/zy1ojQYt2","previousCounter":0,"rootKey":"JG+ntu9PQ3kk7/J/87gvck8+R3Eky+QqkLnZUrO39KU="},"indexInfo":{"baseKey":"BfsDTFkgb9NyIgfNY8agybJhCJ+CfzavbbmwS/ABCgQ0","baseKeyType":2,"closed":-1,"used":1733836847920,"created":1733836847920,"remoteIdentityKey":"BXYvcthZzV/HOG5BjqEySr9PTMHv5HIqYDww3zwpRRAb"},"_chains":{"BWPCUwrxoOe1LPLNYIn6tUQ3ut4SS3SV/n/zy1ojQYt2":{"chainKey":{"counter":0,"key":"RADNJ+IsobWQ64DpufX8QyEzWJ32wRoCdZZzSr0q7/Q="},"chainType":2,"messageKeys":{}},"BblRLPUqeYG78J4CVQZsn37n3pwmKbQiNkBeTC39E+wW":{"chainKey":{"counter":-1,"key":"Q3nVaiul+6CcFz1Ry1ZJXFGV7AYQC2Rj0gd9WI7fHj0="},"chainType":1,"messageKeys":{}}}}},"version":"v1"}