{"_sessions":{"BbbQt8/R3BAP9SvakokTtBA65OaWb7fnSHLFqn2no/BB":{"registrationId":640763548,"currentRatchet":{"ephemeralKeyPair":{"pubKey":"BR5G0AxVZHXG9AJR+a7fYPgu86vt7m4J8PEhinmo7rIg","privKey":"YAn9f4GWl59xPeQDYSdN89Uk1+11IZziktVKjPPzE3s="},"lastRemoteEphemeralKey":"BUjBLQgq6gaJLymdzTdbQ30s3x1z02nB7FdSpc1nOtIA","previousCounter":0,"rootKey":"J7JS+pq9hGi281+e1LW+YUan5Ygh6bSRnd8yBGYCQ2o="},"indexInfo":{"baseKey":"BbbQt8/R3BAP9SvakokTtBA65OaWb7fnSHLFqn2no/BB","baseKeyType":2,"closed":-1,"used":1733836904743,"created":1733836904743,"remoteIdentityKey":"BdjsWFp8MAstWFvN204nRMMaAHbu4up1o0PGpR3v+jIf"},"_chains":{"BUjBLQgq6gaJLymdzTdbQ30s3x1z02nB7FdSpc1nOtIA":{"chainKey":{"counter":0,"key":"5Pd+ZNNQLsNyyVJhpL7GfLvuNMP6HCkgla17A1LXHZw="},"chainType":2,"messageKeys":{}},"BR5G0AxVZHXG9AJR+a7fYPgu86vt7m4J8PEhinmo7rIg":{"chainKey":{"counter":-1,"key":"/0M5j63GHw+5P+3uOuDkMji7U2nbzGJuMPNp4osGmUw="},"chainType":1,"messageKeys":{}}}}},"version":"v1"}