{"_sessions":{"BbO1oiq6d1d1tdljH+Kl1aeheUDyui60+piEB7YKDZxO":{"registrationId":639552704,"currentRatchet":{"ephemeralKeyPair":{"pubKey":"Bek38vcdPYJHmMDSsVzFppLrfEBF9eVN7AV3qiIYaQdS","privKey":"oIoTJPtBa1pPdOeNqCfDAEpgtbbWrDqm10u/CgQ2lGU="},"lastRemoteEphemeralKey":"BVoS4Kb7O+RM7KlDFnntqlQ1rNtJa+ZbvqN8SfYCl0cO","previousCounter":0,"rootKey":"24fU1Wub5ODYVW2pAXnSplpM2RzsbT+Wo2M7+Ha6eus="},"indexInfo":{"baseKey":"BbO1oiq6d1d1tdljH+Kl1aeheUDyui60+piEB7YKDZxO","baseKeyType":1,"closed":1733836847428,"used":1733836845898,"created":1733836845898,"remoteIdentityKey":"BTZHqtINhFMfn6o8135R3GYaK8K0whqjBbGNRBsPDWMQ"},"_chains":{"Bek38vcdPYJHmMDSsVzFppLrfEBF9eVN7AV3qiIYaQdS":{"chainKey":{"counter":1,"key":"SB/893Jv84dto099hxEDGYkZjwBiXKgGqUjfJ65K0xo="},"chainType":1,"messageKeys":{}}},"pendingPreKey":{"signedKeyId":2,"baseKey":"BbO1oiq6d1d1tdljH+Kl1aeheUDyui60+piEB7YKDZxO","preKeyId":4995964}},"BSLkrVAHcwHsyFAdGQrGX1Hd0kAaXxpNPO10QtkGjVVu":{"registrationId":639552704,"currentRatchet":{"ephemeralKeyPair":{"pubKey":"BTXtLTkFznkpQ6vLsGIe+lh9zxweox/RGTzgDXxOkOUY","privKey":"CPiSFnwLnmVC1QBDG8sLUy2w1ziyNvve7iinb1TvkkY="},"lastRemoteEphemeralKey":"BSs/ZsjZVIxb6HAeqVHSqwQveQvy7gEUKVK6PZDmFGsW","previousCounter":0,"rootKey":"bwV8/o5bVx1j5uuyRwhA6vQVjMDp+wuMYGgStwUq99U="},"indexInfo":{"baseKey":"BSLkrVAHcwHsyFAdGQrGX1Hd0kAaXxpNPO10QtkGjVVu","baseKeyType":2,"closed":-1,"used":1733836847432,"created":1733836847432,"remoteIdentityKey":"BTZHqtINhFMfn6o8135R3GYaK8K0whqjBbGNRBsPDWMQ"},"_chains":{"BSs/ZsjZVIxb6HAeqVHSqwQveQvy7gEUKVK6PZDmFGsW":{"chainKey":{"counter":7,"key":"+w0CL0mRSck5LJt7Y9kliw54TRBcfv+fqYMgLu7Umec="},"chainType":2,"messageKeys":{}},"BTXtLTkFznkpQ6vLsGIe+lh9zxweox/RGTzgDXxOkOUY":{"chainKey":{"counter":-1,"key":"YEW16tSbmRQZJbmZnIriQJI6HHgdMI2BjJ2MJbjibhg="},"chainType":1,"messageKeys":{}}}}},"version":"v1"}